"Date","Price","Open","High","Low","Vol.","Change %"
"Jan 23, 2021","23.70","21.57","23.70","21.57","85.25K","9.80%"
"Jan 22, 2021","21.58","18.47","22.23","18.47","88.56K","16.99%"
"Jan 21, 2021","18.45","21.85","21.85","18.45","63.31K","-15.56%"
"Jan 20, 2021","21.85","20.60","21.85","19.48","42.18K","6.06%"
"Jan 19, 2021","20.60","22.01","22.30","20.60","51.07K","-6.43%"
"Jan 18, 2021","22.01","23.34","23.37","21.45","48.29K","-5.75%"
"Jan 17, 2021","23.36","20.12","23.46","20.09","67.70K","16.07%"
"Jan 16, 2021","20.12","20.86","22.57","19.92","85.04K","-3.11%"
"Jan 15, 2021","20.77","17.98","20.77","17.96","130.11K","15.56%"
"Jan 14, 2021","17.97","15.92","17.97","15.73","30.96K","12.91%"
"Jan 13, 2021","15.92","13.98","15.92","13.98","36.40K","13.86%"
"Jan 12, 2021","13.98","14.64","15.39","13.98","25.68K","-4.49%"
"Jan 11, 2021","14.64","16.22","16.22","13.30","52.89K","-9.70%"
"Jan 10, 2021","16.21","17.58","18.08","16.21","58.66K","-7.88%"
"Jan 09, 2021","17.60","15.24","17.60","15.24","37.26K","15.36%"
"Jan 08, 2021","15.25","16.00","16.00","15.02","43.48K","-4.93%"
"Jan 07, 2021","16.04","17.25","17.25","16.04","46.57K","-7.17%"
"Jan 06, 2021","17.28","14.53","17.28","14.53","55.25K","19.11%"
"Jan 05, 2021","14.51","13.62","14.51","13.56","31.04K","6.61%"
"Jan 04, 2021","13.61","13.75","14.67","13.21","119.85K","-0.23%"
"Jan 03, 2021","13.64","12.21","13.64","11.92","76.09K","11.72%"
"Jan 02, 2021","12.21","11.85","12.21","11.55","54.33K","3.04%"
"Jan 01, 2021","11.85","11.24","12.26","11.21","29.36K","5.45%"
"Dec 31, 2020","11.24","11.25","11.40","11.21","19.30K","-0.09%"
"Dec 30, 2020","11.25","11.78","11.78","11.25","13.41K","-4.55%"
"Dec 29, 2020","11.78","12.62","12.62","11.32","34.76K","-6.61%"
"Dec 28, 2020","12.62","12.14","12.89","12.14","17.85K","4.30%"
"Dec 27, 2020","12.10","10.98","12.53","10.89","55.97K","10.17%"
"Dec 26, 2020","10.98","11.54","11.61","10.83","23.42K","-4.87%"
"Dec 25, 2020","11.54","11.59","11.62","11.12","13.18K","-0.42%"
"Dec 24, 2020","11.59","11.02","11.59","10.30","24.70K","5.70%"
"Dec 23, 2020","10.97","12.79","12.79","10.97","51.50K","-14.24%"
"Dec 22, 2020","12.79","12.32","12.80","12.13","19.59K","3.76%"
"Dec 21, 2020","12.32","13.06","13.16","12.32","27.13K","-5.62%"
"Dec 20, 2020","13.06","13.48","13.65","13.06","18.92K","-3.12%"
"Dec 19, 2020","13.48","13.49","13.89","13.43","13.04K","-0.11%"
"Dec 18, 2020","13.49","13.46","13.79","13.46","11.03K","0.36%"
"Dec 17, 2020","13.45","13.49","14.40","13.44","49.43K","-0.29%"
"Dec 16, 2020","13.48","12.68","13.48","12.39","20.47K","6.20%"
"Dec 15, 2020","12.70","12.84","12.85","12.51","12.32K","-1.07%"
"Dec 14, 2020","12.84","12.94","12.94","12.43","15.65K","-0.80%"
"Dec 13, 2020","12.94","12.22","12.98","12.06","17.54K","5.89%"
"Dec 12, 2020","12.22","11.64","12.22","11.64","9.72K","4.97%"
"Dec 11, 2020","11.64","11.92","11.92","11.59","9.15K","-2.38%"
"Dec 10, 2020","11.92","12.64","12.64","11.92","6.34K","-5.65%"
"Dec 09, 2020","12.64","12.14","12.64","11.98","16.84K","4.14%"
"Dec 08, 2020","12.14","13.07","13.07","12.14","19.13K","-7.13%"
"Dec 07, 2020","13.07","13.47","13.47","13.07","7.10K","-2.97%"
"Dec 06, 2020","13.47","13.17","13.47","13.13","5.69K","2.40%"
"Dec 05, 2020","13.15","12.77","13.22","12.77","11.59K","2.95%"
"Dec 04, 2020","12.77","13.95","13.95","12.69","16.88K","-8.45%"
"Dec 03, 2020","13.95","14.02","14.05","13.95","12.92K","-0.44%"
"Dec 02, 2020","14.02","13.36","14.02","13.36","9.18K","4.93%"
"Dec 01, 2020","13.36","14.23","14.27","13.36","29.74K","-6.17%"
"Nov 30, 2020","14.23","13.35","14.23","13.35","21.38K","6.62%"
"Nov 29, 2020","13.35","13.10","13.35","13.03","5.92K","2.12%"
"Nov 28, 2020","13.07","12.52","13.07","12.52","20.58K","4.45%"
"Nov 27, 2020","12.52","12.55","12.74","12.07","28.38K","-0.28%"
"Nov 26, 2020","12.55","14.23","14.23","12.37","108.80K","-11.80%"
"Nov 25, 2020","14.23","15.69","15.69","14.23","35.19K","-9.29%"
"Nov 24, 2020","15.69","15.25","15.80","15.22","45.27K","2.84%"
"Nov 23, 2020","15.25","14.53","15.25","14.35","19.51K","4.98%"
"Nov 22, 2020","14.53","15.42","15.42","14.33","31.69K","-5.77%"
"Nov 21, 2020","15.42","14.09","15.42","14.09","30.64K","9.41%"
"Nov 20, 2020","14.09","13.61","14.11","13.61","19.68K","3.52%"
"Nov 19, 2020","13.61","13.58","13.64","13.16","24.39K","0.26%"
"Nov 18, 2020","13.58","13.39","13.90","13.39","62.40K","1.58%"
"Nov 17, 2020","13.37","12.63","13.37","12.63","25.16K","5.80%"
"Nov 16, 2020","12.63","12.14","12.63","12.14","11.81K","4.04%"
"Nov 15, 2020","12.14","12.57","12.60","11.91","10.47K","-3.04%"
"Nov 14, 2020","12.52","12.91","12.91","12.52","10.74K","-3.00%"
"Nov 13, 2020","12.91","12.43","12.91","12.43","18.48K","4.30%"
"Nov 12, 2020","12.38","12.76","12.87","12.30","22.16K","-3.05%"
"Nov 11, 2020","12.77","13.00","13.29","12.77","18.00K","-1.80%"
"Nov 10, 2020","13.00","12.52","13.00","12.35","25.19K","3.83%"
"Nov 09, 2020","12.52","12.78","12.78","12.34","32.44K","-2.01%"
"Nov 08, 2020","12.78","11.74","12.78","11.74","25.78K","8.87%"
"Nov 07, 2020","11.74","12.18","13.00","11.74","67.24K","-3.59%"
"Nov 06, 2020","12.18","10.96","12.18","10.96","17.32K","11.07%"
"Nov 05, 2020","10.96","10.45","11.25","10.23","31.40K","4.92%"
"Nov 04, 2020","10.45","10.40","10.59","10.16","18.04K","0.46%"
"Nov 03, 2020","10.40","10.80","10.80","10.40","41.66K","-3.74%"
"Nov 02, 2020","10.80","11.53","11.60","10.80","20.43K","-6.26%"
"Nov 01, 2020","11.53","11.18","11.53","11.12","11.35K","3.06%"
"Oct 31, 2020","11.18","11.09","11.31","11.09","7.79K","0.89%"
"Oct 30, 2020","11.09","11.27","11.27","10.98","24.39K","-1.64%"
"Oct 29, 2020","11.27","11.45","11.60","11.27","28.45K","-1.52%"
"Oct 28, 2020","11.45","12.00","12.00","11.45","21.42K","-4.60%"
"Oct 27, 2020","12.00","11.72","12.00","11.72","19.93K","2.38%"
"Oct 26, 2020","11.72","12.16","12.24","11.72","23.31K","-3.63%"
"Oct 25, 2020","12.16","12.68","12.68","12.16","20.71K","-4.11%"
"Oct 24, 2020","12.68","12.15","12.71","12.15","29.76K","4.36%"
"Oct 23, 2020","12.15","11.99","12.15","11.96","20.52K","1.36%"
"Oct 22, 2020","11.99","10.77","12.00","10.77","50.90K","10.78%"
"Oct 21, 2020","10.82","9.85","10.93","9.85","24.04K","9.86%"
"Oct 20, 2020","9.85","10.90","10.90","9.85","25.06K","-9.64%"
"Oct 19, 2020","10.90","10.87","10.94","10.70","15.85K","0.28%"
"Oct 18, 2020","10.87","10.65","10.87","10.65","8.54K","2.21%"
"Oct 17, 2020","10.64","10.55","10.71","10.47","5.05K","0.82%"
"Oct 16, 2020","10.55","10.72","10.83","10.49","14.82K","-1.61%"
"Oct 15, 2020","10.72","10.92","10.92","10.59","15.16K","-1.86%"
"Oct 14, 2020","10.92","11.02","11.20","10.92","7.86K","-0.69%"
"Oct 13, 2020","11.00","11.42","11.42","11.00","21.30K","-3.72%"
"Oct 12, 2020","11.42","10.84","11.55","10.84","21.40K","5.41%"
"Oct 11, 2020","10.84","10.52","10.84","10.40","17.43K","3.07%"
"Oct 10, 2020","10.52","10.39","10.72","10.39","48.31K","1.20%"
"Oct 09, 2020","10.39","9.53","10.39","9.45","43.83K","8.98%"
"Oct 08, 2020","9.53","8.94","9.53","8.81","20.21K","6.58%"
"Oct 07, 2020","8.94","8.77","8.94","8.77","24.59K","2.03%"
"Oct 06, 2020","8.77","9.60","9.60","8.77","35.41K","-8.68%"
"Oct 05, 2020","9.60","9.40","9.60","9.33","25.82K","2.12%"
"Oct 04, 2020","9.40","9.28","9.40","9.28","18.45K","0.90%"
"Oct 03, 2020","9.32","9.19","9.32","9.16","8.78K","1.38%"
"Oct 02, 2020","9.19","9.61","9.61","9.09","30.45K","-4.45%"
"Oct 01, 2020","9.62","9.85","10.27","9.62","31.30K","-2.39%"
"Sep 30, 2020","9.85","10.12","10.12","9.76","21.91K","-2.63%"
"Sep 29, 2020","10.12","10.28","10.35","9.86","29.50K","-1.54%"
"Sep 28, 2020","10.28","10.81","10.97","10.28","41.02K","-4.92%"
"Sep 27, 2020","10.81","10.35","10.81","10.30","51.87K","4.74%"
"Sep 26, 2020","10.32","10.72","10.72","10.32","45.63K","-3.69%"
"Sep 25, 2020","10.72","9.88","10.79","9.56","75.68K","8.73%"
"Sep 24, 2020","9.85","7.61","9.85","7.61","88.97K","29.32%"
"Sep 23, 2020","7.62","8.69","8.69","7.62","47.79K","-12.27%"
"Sep 22, 2020","8.69","8.72","8.92","8.63","14.64K","-0.34%"
"Sep 21, 2020","8.72","9.81","9.81","8.72","24.26K","-11.11%"
"Sep 20, 2020","9.81","10.12","10.42","9.81","12.90K","-3.08%"
"Sep 19, 2020","10.12","10.09","10.23","10.09","12.78K","0.24%"
"Sep 18, 2020","10.09","11.03","11.03","9.93","21.83K","-8.46%"
"Sep 17, 2020","11.03","10.73","11.37","10.64","31.87K","2.79%"
"Sep 16, 2020","10.73","10.96","11.08","10.73","14.15K","-2.13%"
"Sep 15, 2020","10.96","12.06","12.08","10.96","25.34K","-9.11%"
"Sep 14, 2020","12.06","11.98","12.06","11.76","16.83K","0.63%"
"Sep 13, 2020","11.98","12.74","13.03","11.98","30.10K","-5.70%"
"Sep 12, 2020","12.71","12.54","12.71","12.32","18.36K","1.31%"
"Sep 11, 2020","12.54","12.51","12.54","12.11","7.56K","0.27%"
"Sep 10, 2020","12.51","12.33","13.05","12.33","20.56K","1.48%"
"Sep 09, 2020","12.33","11.72","12.45","11.69","29.00K","5.26%"
"Sep 08, 2020","11.71","12.46","12.46","11.64","22.77K","-6.02%"
"Sep 07, 2020","12.46","12.77","13.01","11.43","36.23K","-2.38%"
"Sep 06, 2020","12.77","10.59","12.77","10.37","64.94K","20.52%"
"Sep 05, 2020","10.59","12.47","12.62","10.59","93.48K","-15.03%"
"Sep 04, 2020","12.47","11.89","12.75","11.89","59.68K","4.82%"
"Sep 03, 2020","11.89","14.76","14.76","11.89","57.71K","-19.43%"
"Sep 02, 2020","14.76","16.11","16.11","14.52","30.99K","-8.08%"
"Sep 01, 2020","16.06","15.60","16.15","15.60","40.87K","2.95%"
"Aug 31, 2020","15.60","16.44","16.67","15.60","30.93K","-5.13%"
"Aug 30, 2020","16.44","16.40","17.60","16.40","44.89K","0.24%"
"Aug 29, 2020","16.40","15.17","16.76","15.17","50.31K","8.13%"
"Aug 28, 2020","15.17","14.47","15.23","14.47","23.31K","4.80%"
"Aug 27, 2020","14.47","15.22","15.33","14.38","28.33K","-4.91%"
"Aug 26, 2020","15.22","14.11","15.33","14.11","29.51K","7.87%"
"Aug 25, 2020","14.11","15.16","15.16","14.11","39.51K","-6.90%"
"Aug 24, 2020","15.16","15.17","15.50","15.11","24.57K","0.47%"
"Aug 23, 2020","15.08","15.84","15.84","14.79","23.76K","-4.74%"
"Aug 22, 2020","15.84","13.78","16.14","13.78","96.98K","14.91%"
"Aug 21, 2020","13.78","16.09","16.09","13.69","100.95K","-14.34%"
"Aug 20, 2020","16.09","16.20","16.63","15.79","29.29K","-0.31%"
"Aug 19, 2020","16.14","16.17","16.91","15.40","73.29K","-0.19%"
"Aug 18, 2020","16.17","16.68","16.92","16.17","108.95K","-3.84%"
"Aug 17, 2020","16.81","18.76","19.16","16.33","64.61K","-10.38%"
"Aug 16, 2020","18.76","19.14","19.36","18.76","40.03K","-1.97%"
"Aug 15, 2020","19.14","16.90","19.63","16.64","72.87K","13.23%"
"Aug 14, 2020","16.90","17.17","17.34","16.83","38.66K","-1.53%"
"Aug 13, 2020","17.17","16.47","17.96","16.43","139.85K","4.20%"
"Aug 12, 2020","16.47","12.98","16.47","12.88","141.33K","26.31%"
"Aug 11, 2020","13.04","13.48","13.48","12.75","59.90K","-3.26%"
"Aug 10, 2020","13.48","13.85","13.85","13.18","64.37K","-2.66%"
"Aug 09, 2020","13.85","12.71","13.90","12.38","133.02K","8.93%"
"Aug 08, 2020","12.71","10.10","13.25","10.00","80.71K","25.88%"
"Aug 07, 2020","10.10","10.22","10.22","9.43","21.99K","-0.84%"
"Aug 06, 2020","10.19","9.55","10.19","9.55","15.64K","6.63%"
"Aug 05, 2020","9.55","9.85","9.85","9.52","18.24K","-3.06%"
"Aug 04, 2020","9.85","9.22","9.85","9.22","48.70K","7.69%"
"Aug 03, 2020","9.15","8.29","9.15","8.29","16.41K","10.43%"
"Aug 02, 2020","8.29","8.33","8.54","7.57","56.76K","-0.54%"
"Aug 01, 2020","8.33","7.75","8.33","7.75","14.67K","7.54%"
"Jul 31, 2020","7.75","7.43","7.76","7.43","16.49K","4.26%"
"Jul 30, 2020","7.43","7.06","7.43","7.06","21.19K","5.69%"
"Jul 29, 2020","7.03","7.21","7.38","7.03","9.67K","-2.56%"
"Jul 28, 2020","7.21","7.05","7.21","6.99","12.55K","2.32%"
"Jul 27, 2020","7.05","7.50","7.50","6.72","36.48K","-5.94%"
"Jul 26, 2020","7.50","7.66","7.85","7.41","22.44K","-2.09%"
"Jul 25, 2020","7.66","7.44","7.69","7.44","19.33K","2.96%"
"Jul 24, 2020","7.44","7.87","7.87","7.44","7.24K","-5.51%"
"Jul 23, 2020","7.87","7.47","7.90","7.47","14.25K","5.37%"
"Jul 22, 2020","7.47","7.31","7.50","7.17","27.74K","2.24%"
"Jul 21, 2020","7.31","7.23","7.53","7.16","33.81K","1.09%"
"Jul 20, 2020","7.23","8.06","8.09","7.23","23.82K","-10.38%"
"Jul 19, 2020","8.06","7.97","8.06","7.85","7.54K","1.18%"
"Jul 18, 2020","7.97","8.27","8.27","7.88","42.85K","-3.57%"
"Jul 17, 2020","8.27","8.35","8.53","8.27","21.85K","-0.96%"
"Jul 16, 2020","8.35","8.66","8.70","8.20","43.27K","-3.64%"
"Jul 15, 2020","8.66","8.11","8.66","7.96","48.38K","6.62%"
"Jul 14, 2020","8.12","7.16","8.22","7.14","43.43K","13.49%"
"Jul 13, 2020","7.16","7.36","7.90","7.09","93.74K","-2.81%"
"Jul 12, 2020","7.36","6.12","7.36","6.12","47.30K","20.28%"
"Jul 11, 2020","6.12","6.15","6.19","6.01","8.55K","-0.44%"
"Jul 10, 2020","6.15","6.08","6.15","5.84","11.62K","1.14%"
"Jul 09, 2020","6.08","6.48","6.48","6.01","22.40K","-6.20%"
"Jul 08, 2020","6.48","5.72","6.48","5.72","33.32K","13.34%"
"Jul 07, 2020","5.72","5.38","5.75","5.38","29.78K","6.36%"
"Jul 06, 2020","5.38","4.75","5.38","4.75","34.63K","13.32%"
"Jul 05, 2020","4.75","4.79","4.82","4.67","14.44K","-0.94%"
"Jul 04, 2020","4.79","4.73","4.83","4.73","4.54K","1.28%"
"Jul 03, 2020","4.73","4.79","4.89","4.73","8.38K","-1.24%"
"Jul 02, 2020","4.79","4.70","4.91","4.62","19.59K","1.91%"
"Jul 01, 2020","4.70","4.58","4.72","4.54","8.72K","2.67%"
"Jun 30, 2020","4.58","4.60","4.64","4.55","4.81K","-0.52%"
"Jun 29, 2020","4.60","4.55","4.64","4.45","8.77K","1.04%"
"Jun 28, 2020","4.55","4.42","4.62","4.35","17.99K","2.95%"
"Jun 27, 2020","4.42","4.69","4.69","4.30","9.16K","-5.68%"
"Jun 26, 2020","4.69","4.81","4.83","4.64","7.60K","-2.58%"
"Jun 25, 2020","4.81","4.70","4.82","4.52","6.39K","2.38%"
"Jun 24, 2020","4.70","4.77","4.93","4.51","27.30K","-1.38%"
"Jun 23, 2020","4.77","4.47","4.94","4.44","30.41K","6.60%"
"Jun 22, 2020","4.47","4.19","4.47","4.19","8.71K","6.72%"
"Jun 21, 2020","4.19","4.18","4.20","4.14","2.07K","0.21%"
"Jun 20, 2020","4.18","4.09","4.20","4.07","7.22K","2.14%"
"Jun 19, 2020","4.09","4.15","4.17","4.07","13.94K","-1.33%"
"Jun 18, 2020","4.15","4.16","4.24","4.11","12.89K","-0.28%"
"Jun 17, 2020","4.16","4.02","4.18","3.96","13.23K","3.48%"
"Jun 16, 2020","4.02","3.94","4.09","3.91","16.32K","2.05%"
"Jun 15, 2020","3.94","3.94","3.98","3.67","23.50K","0.00%"
"Jun 14, 2020","3.94","4.11","4.11","3.92","2.98K","-4.05%"
"Jun 13, 2020","4.11","4.08","4.11","4.02","3.07K","0.73%"
"Jun 12, 2020","4.08","3.95","4.17","3.87","10.16K","2.84%"
"Jun 11, 2020","3.97","4.43","4.45","3.93","19.15K","-10.39%"
"Jun 10, 2020","4.43","4.44","4.44","4.35","4.13K","-0.31%"
"Jun 09, 2020","4.44","4.46","4.50","4.37","10.42K","-0.52%"
"Jun 08, 2020","4.46","4.33","4.46","4.33","5.29K","3.13%"
"Jun 07, 2020","4.33","4.35","4.40","4.21","6.83K","-0.58%"
"Jun 06, 2020","4.35","4.39","4.39","4.31","2.97K","-0.84%"
"Jun 05, 2020","4.39","4.43","4.47","4.35","2.98K","-0.99%"
"Jun 04, 2020","4.43","4.49","4.50","4.29","7.18K","-1.33%"
"Jun 03, 2020","4.49","4.38","4.52","4.30","11.32K","2.64%"
"Jun 02, 2020","4.38","4.37","4.62","4.13","31.59K","0.15%"
"Jun 01, 2020","4.37","4.13","4.48","4.13","20.71K","5.87%"
"May 31, 2020","4.13","4.18","4.28","4.04","32.81K","-1.25%"
"May 30, 2020","4.18","3.96","4.18","3.95","25.57K","5.44%"
"May 29, 2020","3.96","4.03","4.12","3.96","10.96K","-1.75%"
"May 28, 2020","4.03","3.86","4.05","3.84","6.20K","4.66%"
"May 27, 2020","3.86","3.84","3.91","3.81","4.08K","0.40%"
"May 26, 2020","3.84","3.85","3.88","3.78","6.88K","-0.32%"
"May 25, 2020","3.85","3.80","3.90","3.78","6.11K","0.39%"
"May 24, 2020","3.84","3.94","4.03","3.81","9.14K","-2.52%"
"May 23, 2020","3.94","4.06","4.06","3.92","9.39K","-2.91%"
"May 22, 2020","4.06","3.82","4.13","3.80","7.62K","6.10%"
"May 21, 2020","3.82","4.09","4.16","3.74","22.02K","-6.53%"
"May 20, 2020","4.09","3.93","4.13","3.90","15.72K","4.08%"
"May 19, 2020","3.93","3.89","3.93","3.79","6.51K","1.01%"
"May 18, 2020","3.89","3.78","3.93","3.78","7.54K","2.88%"
"May 17, 2020","3.78","3.78","3.84","3.76","4.26K","0.00%"
"May 16, 2020","3.78","3.66","3.79","3.62","5.39K","3.30%"
"May 15, 2020","3.66","3.81","3.83","3.63","8.27K","-3.90%"
"May 14, 2020","3.81","3.76","3.85","3.70","13.98K","1.21%"
"May 13, 2020","3.76","3.71","3.81","3.64","9.49K","1.41%"
"May 12, 2020","3.71","3.57","3.79","3.55","9.57K","3.19%"
"May 11, 2020","3.60","3.74","3.83","3.30","32.86K","-3.95%"
"May 10, 2020","3.74","4.01","4.01","3.49","76.38K","-6.66%"
"May 09, 2020","4.01","3.80","4.20","3.78","57.57K","5.63%"
"May 08, 2020","3.80","3.77","3.85","3.68","19.90K","0.70%"
"May 07, 2020","3.77","3.59","3.85","3.58","17.79K","5.01%"
"May 06, 2020","3.59","3.69","3.74","3.57","8.70K","-2.74%"
"May 05, 2020","3.69","3.73","3.82","3.68","12.23K","-0.92%"
"May 04, 2020","3.73","3.71","3.83","3.51","34.28K","0.40%"
"May 03, 2020","3.71","3.81","3.86","3.64","11.89K","-2.61%"
"May 02, 2020","3.81","3.76","3.86","3.73","4.46K","1.35%"
"May 01, 2020","3.76","3.70","3.90","3.70","20.34K","1.64%"
"Apr 30, 2020","3.70","3.90","3.97","3.63","56.46K","-5.09%"
"Apr 29, 2020","3.90","3.65","3.99","3.64","35.31K","6.83%"
"Apr 28, 2020","3.65","3.64","3.73","3.55","22.84K","0.00%"
"Apr 27, 2020","3.64","3.72","3.73","3.47","31.55K","-2.15%"
"Apr 26, 2020","3.72","3.75","3.81","3.67","41.15K","-0.72%"
"Apr 25, 2020","3.75","3.78","3.90","3.75","14.47K","-0.79%"
"Apr 24, 2020","3.78","3.72","3.87","3.72","18.11K","1.48%"
"Apr 23, 2020","3.72","3.66","3.90","3.60","26.40K","1.86%"
"Apr 22, 2020","3.66","3.45","3.68","3.45","23.77K","6.00%"
"Apr 21, 2020","3.45","3.44","3.55","3.39","24.73K","0.42%"
"Apr 20, 2020","3.44","3.59","3.77","3.39","40.81K","-4.40%"
"Apr 19, 2020","3.59","3.78","3.80","3.52","41.70K","-4.92%"
"Apr 18, 2020","3.78","3.45","3.82","3.45","31.61K","9.53%"
"Apr 17, 2020","3.45","3.45","3.51","3.39","23.23K","0.00%"
"Apr 16, 2020","3.45","3.11","3.54","2.98","75.74K","10.44%"
"Apr 15, 2020","3.12","3.24","3.30","3.11","27.38K","-3.58%"
"Apr 14, 2020","3.24","3.37","3.43","3.21","27.64K","-3.91%"
"Apr 13, 2020","3.37","3.41","3.46","3.21","38.56K","-1.03%"
"Apr 12, 2020","3.41","3.30","3.62","3.17","67.86K","3.31%"
"Apr 11, 2020","3.30","3.21","3.44","3.07","89.88K","2.83%"
"Apr 10, 2020","3.21","3.32","3.32","2.95","94.10K","-3.42%"
"Apr 09, 2020","3.32","3.15","3.46","3.12","60.05K","5.50%"
"Apr 08, 2020","3.15","2.72","3.27","2.72","68.67K","15.54%"
"Apr 07, 2020","2.72","2.56","2.91","2.56","124.07K","6.53%"
"Apr 06, 2020","2.56","2.27","2.56","2.27","28.00K","12.81%"
"Apr 05, 2020","2.27","2.30","2.32","2.25","18.41K","-1.64%"
"Apr 04, 2020","2.30","2.30","2.33","2.26","20.16K","0.34%"
"Apr 03, 2020","2.30","2.29","2.38","2.27","19.88K","0.24%"
"Apr 02, 2020","2.29","2.28","2.44","2.25","25.03K","0.61%"
"Apr 01, 2020","2.28","2.26","2.30","2.15","22.04K","0.87%"
"Mar 31, 2020","2.26","2.16","2.30","2.12","23.03K","4.51%"
"Mar 30, 2020","2.16","2.02","2.20","2.02","14.83K","7.04%"
"Mar 29, 2020","2.02","2.14","2.15","2.01","24.75K","-5.55%"
"Mar 28, 2020","2.14","2.14","2.15","2.04","33.22K","0.61%"
"Mar 27, 2020","2.12","2.29","2.36","2.11","16.39K","-7.24%"
"Mar 26, 2020","2.29","2.25","2.30","2.21","11.45K","1.78%"
"Mar 25, 2020","2.25","2.32","2.33","2.19","24.50K","-3.12%"
"Mar 24, 2020","2.32","2.25","2.37","2.20","27.20K","3.22%"
"Mar 23, 2020","2.25","1.99","2.29","1.94","66.04K","12.94%"
"Mar 22, 2020","1.99","2.28","2.33","1.95","49.76K","-12.27%"
"Mar 21, 2020","2.27","2.26","2.37","2.11","143.68K","0.68%"
"Mar 20, 2020","2.26","2.25","2.62","2.02","140.57K","0.40%"
"Mar 19, 2020","2.25","1.95","2.37","1.89","93.42K","15.83%"
"Mar 18, 2020","1.94","1.88","1.94","1.76","59.97K","3.38%"
"Mar 17, 2020","1.88","1.78","2.07","1.75","105.23K","5.56%"
"Mar 16, 2020","1.78","2.10","2.10","1.57","202.14K","-15.51%"
"Mar 15, 2020","2.10","2.14","2.39","2.02","63.13K","-1.78%"
"Mar 14, 2020","2.14","2.40","2.49","2.07","57.55K","-10.79%"
"Mar 13, 2020","2.40","2.00","2.70","1.38","228.19K","20.04%"
"Mar 12, 2020","2.00","3.83","3.83","1.83","310.00K","-47.77%"
"Mar 11, 2020","3.83","4.13","4.13","3.57","42.09K","-7.25%"
"Mar 10, 2020","4.13","4.12","4.20","3.93","69.67K","0.19%"
"Mar 09, 2020","4.12","4.04","4.37","3.63","84.63K","1.92%"
"Mar 08, 2020","4.04","4.33","4.44","3.86","89.64K","-6.55%"
"Mar 07, 2020","4.33","4.69","4.69","4.33","23.26K","-7.68%"
"Mar 06, 2020","4.69","4.71","4.75","4.56","36.07K","-0.43%"
"Mar 05, 2020","4.71","4.63","4.94","4.63","72.66K","1.58%"
"Mar 04, 2020","4.63","4.59","4.98","4.54","135.18K","1.04%"
"Mar 03, 2020","4.59","4.24","4.67","4.15","54.11K","8.41%"
"Mar 02, 2020","4.23","3.87","4.33","3.83","40.59K","9.37%"
"Mar 01, 2020","3.87","4.07","4.24","3.77","34.43K","-4.97%"
"Feb 29, 2020","4.07","4.18","4.34","4.07","32.47K","-2.64%"
"Feb 28, 2020","4.18","3.95","4.24","3.76","58.34K","5.89%"
"Feb 27, 2020","3.95","3.56","4.13","3.43","45.59K","9.85%"
"Feb 26, 2020","3.59","3.50","3.85","3.32","55.95K","2.67%"
"Feb 25, 2020","3.50","3.92","3.96","3.50","41.54K","-10.74%"
"Feb 24, 2020","3.92","4.25","4.27","3.80","76.12K","-7.69%"
"Feb 23, 2020","4.25","4.09","4.38","4.09","26.41K","3.97%"
"Feb 22, 2020","4.09","4.30","4.31","4.06","18.34K","-5.07%"
"Feb 21, 2020","4.30","4.26","4.50","4.20","17.71K","0.97%"
"Feb 20, 2020","4.26","4.38","4.47","4.07","52.19K","-2.59%"
"Feb 19, 2020","4.38","4.54","4.87","4.22","78.31K","-3.58%"
"Feb 18, 2020","4.54","4.31","4.63","4.15","51.04K","5.43%"
"Feb 17, 2020","4.30","4.45","4.53","3.86","80.57K","-3.21%"
"Feb 16, 2020","4.45","4.29","4.86","4.02","138.56K","3.67%"
"Feb 15, 2020","4.29","4.42","4.62","4.08","81.76K","-3.04%"
"Feb 14, 2020","4.42","3.87","4.46","3.80","36.92K","14.28%"
"Feb 13, 2020","3.87","4.00","4.10","3.73","37.14K","-3.27%"
"Feb 12, 2020","4.00","4.00","4.20","3.84","42.43K","0.00%"
"Feb 11, 2020","4.00","3.40","4.00","3.37","37.79K","17.66%"
"Feb 10, 2020","3.40","3.49","3.49","3.29","29.83K","-2.48%"
"Feb 09, 2020","3.49","3.43","3.52","3.25","55.17K","1.64%"
"Feb 08, 2020","3.43","3.33","3.48","3.12","40.39K","3.05%"
"Feb 07, 2020","3.33","2.88","3.37","2.88","83.30K","15.38%"
"Feb 06, 2020","2.88","2.84","2.94","2.80","15.03K","1.53%"
"Feb 05, 2020","2.84","2.73","2.88","2.73","12.40K","4.13%"
"Feb 04, 2020","2.73","2.79","2.79","2.68","16.96K","-2.37%"
"Feb 03, 2020","2.79","2.82","2.87","2.76","4.32K","-0.90%"
"Feb 02, 2020","2.82","2.81","2.88","2.74","8.42K","0.42%"
"Feb 01, 2020","2.81","2.85","2.88","2.76","6.69K","-1.41%"
"Jan 31, 2020","2.85","2.90","2.90","2.78","4.99K","-1.89%"
"Jan 30, 2020","2.90","2.77","2.94","2.72","20.21K","4.78%"
"Jan 29, 2020","2.77","2.64","2.83","2.64","23.47K","5.13%"
"Jan 28, 2020","2.64","2.62","2.67","2.60","6.91K","0.78%"
"Jan 27, 2020","2.62","2.58","2.67","2.57","5.83K","1.49%"
"Jan 26, 2020","2.58","2.46","2.58","2.44","2.51K","4.88%"
"Jan 25, 2020","2.46","2.50","2.50","2.42","3.25K","-1.61%"
"Jan 24, 2020","2.50","2.45","2.53","2.36","6.12K","1.93%"
"Jan 23, 2020","2.45","2.63","2.63","2.44","11.21K","-6.87%"
"Jan 22, 2020","2.63","2.67","2.69","2.63","6.03K","-1.50%"
"Jan 21, 2020","2.67","2.70","2.75","2.59","5.57K","-0.99%"
"Jan 20, 2020","2.70","2.61","2.74","2.54","17.49K","3.52%"
"Jan 19, 2020","2.61","2.76","2.85","2.55","20.61K","-5.73%"
"Jan 18, 2020","2.76","2.71","2.78","2.60","19.94K","1.93%"
"Jan 17, 2020","2.71","2.49","2.86","2.47","65.57K","8.95%"
"Jan 16, 2020","2.49","2.39","2.50","2.30","9.80K","4.11%"
"Jan 15, 2020","2.39","2.38","2.56","2.34","25.70K","0.31%"
"Jan 14, 2020","2.38","2.19","2.45","2.18","29.07K","8.68%"
"Jan 13, 2020","2.19","2.24","2.24","2.17","10.41K","-1.92%"
"Jan 12, 2020","2.24","2.27","2.32","2.22","6.64K","-1.64%"
"Jan 11, 2020","2.27","2.21","2.35","2.21","24.77K","3.07%"
"Jan 10, 2020","2.21","2.19","2.24","2.15","19.53K","0.63%"
"Jan 09, 2020","2.19","2.18","2.22","2.11","33.60K","0.40%"
"Jan 08, 2020","2.18","2.12","2.35","2.12","76.38K","2.95%"
"Jan 07, 2020","2.12","1.93","2.13","1.91","22.85K","9.72%"
"Jan 06, 2020","1.93","1.83","1.93","1.79","15.77K","5.75%"
"Jan 05, 2020","1.83","1.82","1.85","1.80","1.94K","0.39%"
"Jan 04, 2020","1.82","1.82","1.85","1.78","1.47K","0.00%"
"Jan 03, 2020","1.82","1.73","1.82","1.71","1.56K","5.44%"
"Jan 02, 2020","1.73","1.81","1.82","1.71","1.90K","-4.54%"
"Jan 01, 2020","1.81","1.75","1.83","1.75","1.56K","3.15%"
"Dec 31, 2019","1.75","1.81","1.81","1.75","2.39K","-3.21%"
"Dec 30, 2019","1.81","1.89","1.89","1.81","8.09K","-4.31%"
"Dec 29, 2019","1.89","1.88","1.91","1.84","8.49K","0.77%"
"Dec 28, 2019","1.88","1.87","1.90","1.86","5.16K","0.77%"
"Dec 27, 2019","1.87","1.90","1.92","1.84","10.14K","-2.02%"
"Dec 26, 2019","1.90","1.83","1.92","1.77","1.73K","4.18%"
"Dec 25, 2019","1.83","1.85","1.85","1.82","1.90K","-1.23%"
"Dec 24, 2019","1.85","1.85","1.86","1.82","3.28K","0.00%"
"Dec 23, 2019","1.85","1.90","1.95","1.85","13.86K","-2.64%"
"Dec 22, 2019","1.90","1.88","1.93","1.87","1.50K","1.23%"
"Dec 21, 2019","1.88","1.88","1.91","1.88","3.79K","0.00%"
"Dec 20, 2019","1.88","1.79","1.88","1.79","5.44K","4.75%"
"Dec 19, 2019","1.79","1.87","1.88","1.76","14.31K","-4.06%"
"Dec 18, 2019","1.87","1.75","1.88","1.62","7.32K","6.94%"
"Dec 17, 2019","1.75","1.97","1.98","1.73","9.73K","-11.40%"
"Dec 16, 2019","1.97","2.09","2.09","1.96","2.14K","-5.82%"
"Dec 15, 2019","2.09","2.00","2.10","1.96","13.89K","3.80%"
"Dec 14, 2019","2.02","2.06","2.08","1.98","11.21K","-2.05%"
"Dec 13, 2019","2.06","2.13","2.13","2.06","13.81K","-3.34%"
"Dec 12, 2019","2.13","2.17","2.17","2.03","3.66K","-1.92%"
"Dec 11, 2019","2.17","2.25","2.30","2.14","17.19K","-3.65%"
"Dec 10, 2019","2.25","2.03","2.27","2.03","84.35K","11.03%"
"Dec 09, 2019","2.03","2.05","2.06","2.03","2.77K","-0.87%"
"Dec 08, 2019","2.05","2.04","2.06","2.00","1.51K","0.40%"
"Dec 07, 2019","2.04","2.08","2.11","2.04","6.86K","-2.08%"
"Dec 06, 2019","2.08","2.02","2.10","1.98","1.81K","3.06%"
"Dec 05, 2019","2.02","2.02","2.05","1.97","26.09K","0.00%"
"Dec 04, 2019","2.02","2.15","2.15","2.01","4.36K","-6.41%"
"Dec 03, 2019","2.15","2.10","2.20","2.06","4.14K","2.46%"
"Dec 02, 2019","2.10","2.18","2.18","2.06","4.82K","-3.32%"
"Dec 01, 2019","2.18","2.22","2.22","2.13","4.25K","-2.02%"
"Nov 30, 2019","2.22","2.35","2.35","2.22","8.95K","-5.44%"
"Nov 29, 2019","2.35","2.26","2.36","2.26","19.84K","4.01%"
"Nov 28, 2019","2.26","2.23","2.30","2.17","6.81K","1.41%"
"Nov 27, 2019","2.23","2.25","2.27","2.11","12.99K","-0.94%"
"Nov 26, 2019","2.25","2.27","2.32","2.15","10.12K","-1.15%"
"Nov 25, 2019","2.27","2.21","2.41","2.03","21.25K","2.88%"
"Nov 24, 2019","2.21","2.43","2.43","2.21","5.77K","-9.06%"
"Nov 23, 2019","2.43","2.33","2.45","2.26","1.24K","4.29%"
"Nov 22, 2019","2.33","2.56","2.60","2.14","20.59K","-8.94%"
"Nov 21, 2019","2.56","2.70","2.70","2.48","12.50K","-5.24%"
"Nov 20, 2019","2.70","2.72","2.79","2.66","2.06K","-0.76%"
"Nov 19, 2019","2.72","2.79","2.79","2.59","10.94K","-2.62%"
"Nov 18, 2019","2.79","2.88","2.96","2.72","13.91K","-3.08%"
"Nov 17, 2019","2.88","2.97","2.98","2.86","27.39K","-2.81%"
"Nov 16, 2019","2.97","3.02","3.04","2.92","5.77K","-1.75%"
"Nov 15, 2019","3.02","3.04","3.08","2.79","38.51K","-0.56%"
"Nov 14, 2019","3.04","3.00","3.16","2.98","42.19K","1.16%"
"Nov 13, 2019","3.00","2.82","3.08","2.76","68.51K","6.42%"
"Nov 12, 2019","2.82","2.72","2.86","2.72","8.83K","3.65%"
"Nov 11, 2019","2.72","2.77","2.77","2.66","7.68K","-1.61%"
"Nov 10, 2019","2.77","2.79","2.83","2.72","21.22K","-0.86%"
"Nov 09, 2019","2.79","2.71","2.86","2.71","17.65K","2.75%"
"Nov 08, 2019","2.71","2.67","2.73","2.63","19.17K","1.50%"
"Nov 07, 2019","2.67","2.74","2.75","2.63","5.83K","-2.33%"
"Nov 06, 2019","2.74","2.69","2.80","2.64","7.19K","1.77%"
"Nov 05, 2019","2.69","2.68","2.69","2.63","1.96K","0.31%"
"Nov 04, 2019","2.68","2.67","2.74","2.62","3.21K","0.36%"
"Nov 03, 2019","2.67","2.70","2.70","2.63","2.34K","-0.87%"
"Nov 02, 2019","2.70","2.72","2.73","2.68","4.13K","-0.78%"
"Nov 01, 2019","2.72","2.72","2.80","2.65","11.28K","0.00%"
"Oct 31, 2019","2.72","2.61","2.74","2.55","9.64K","4.09%"
"Oct 30, 2019","2.61","2.65","2.66","2.54","8.70K","-1.65%"
"Oct 29, 2019","2.65","2.68","2.76","2.65","17.64K","-0.94%"
"Oct 28, 2019","2.68","2.67","2.91","2.66","32.14K","0.39%"
"Oct 27, 2019","2.67","2.75","2.75","2.65","35.83K","-2.89%"
"Oct 26, 2019","2.75","2.84","3.00","2.69","49.14K","-3.14%"
"Oct 25, 2019","2.84","2.71","2.98","2.62","30.64K","3.96%"
"Oct 24, 2019","2.73","2.61","2.76","2.59","38.67K","4.55%"
"Oct 23, 2019","2.61","2.59","2.68","2.40","23.37K","0.77%"
"Oct 22, 2019","2.59","2.62","2.80","2.57","20.57K","-1.28%"
"Oct 21, 2019","2.62","2.44","2.67","2.44","61.95K","7.43%"
"Oct 20, 2019","2.44","2.33","2.44","2.28","7.36K","4.69%"
"Oct 19, 2019","2.33","2.34","2.38","2.29","4.30K","-0.31%"
"Oct 18, 2019","2.34","2.40","2.49","2.33","11.81K","-2.70%"
"Oct 17, 2019","2.40","2.35","2.47","2.28","22.11K","2.45%"
"Oct 16, 2019","2.35","2.36","2.39","2.18","21.70K","-0.47%"
"Oct 15, 2019","2.36","2.52","2.59","2.33","27.34K","-6.25%"
"Oct 14, 2019","2.52","2.47","2.66","2.47","11.60K","1.90%"
"Oct 13, 2019","2.47","2.58","2.62","2.44","16.06K","-4.33%"
"Oct 12, 2019","2.58","2.72","2.73","2.57","14.88K","-5.12%"
"Oct 11, 2019","2.72","2.60","2.79","2.56","28.81K","4.55%"
"Oct 10, 2019","2.60","2.77","2.79","2.47","52.99K","-6.48%"
"Oct 09, 2019","2.78","2.56","2.93","2.50","88.78K","8.84%"
"Oct 08, 2019","2.56","2.37","2.62","2.27","60.29K","7.70%"
"Oct 07, 2019","2.37","2.16","2.49","2.11","44.40K","9.92%"
"Oct 06, 2019","2.16","1.96","2.26","1.92","54.21K","10.37%"
"Oct 05, 2019","1.96","1.99","1.99","1.91","16.99K","-1.55%"
"Oct 04, 2019","1.99","1.94","1.99","1.89","19.30K","2.23%"
"Oct 03, 2019","1.94","2.03","2.04","1.89","36.86K","-4.07%"
"Oct 02, 2019","2.03","1.82","2.03","1.82","29.24K","11.36%"
"Oct 01, 2019","1.82","1.76","1.87","1.76","20.22K","3.61%"
"Sep 30, 2019","1.76","1.70","1.78","1.64","28.59K","3.02%"
"Sep 29, 2019","1.70","1.67","1.74","1.64","13.47K","1.92%"
"Sep 28, 2019","1.67","1.65","1.69","1.64","18.72K","1.08%"
"Sep 27, 2019","1.65","1.67","1.67","1.57","5.61K","-0.76%"
"Sep 26, 2019","1.67","1.73","1.75","1.53","14.52K","-3.69%"
"Sep 25, 2019","1.73","1.69","1.92","1.62","42.61K","2.24%"
"Sep 24, 2019","1.69","1.80","2.06","1.47","104.15K","-6.18%"
"Sep 23, 2019","1.80","1.80","1.87","1.78","20.92K","0.39%"
"Sep 22, 2019","1.80","1.86","1.88","1.78","9.70K","-3.31%"
"Sep 21, 2019","1.86","1.82","1.87","1.79","20.15K","2.01%"
"Sep 20, 2019","1.82","1.87","1.87","1.76","36.64K","-2.44%"
"Sep 19, 2019","1.87","1.81","1.90","1.73","131.95K","3.20%"
"Sep 18, 2019","1.81","1.63","1.84","1.63","56.08K","11.04%"
"Sep 17, 2019","1.63","1.58","1.67","1.56","19.97K","3.16%"
"Sep 16, 2019","1.58","1.61","1.64","1.54","21.66K","-1.86%"
"Sep 15, 2019","1.61","1.56","1.64","1.56","19.00K","3.05%"
"Sep 14, 2019","1.56","1.58","1.63","1.53","31.68K","-1.26%"
"Sep 13, 2019","1.58","1.70","1.71","1.52","37.51K","-7.16%"
"Sep 12, 2019","1.70","1.73","1.73","1.70","14.65K","-1.45%"
"Sep 11, 2019","1.73","1.79","1.82","1.71","8.54K","-3.45%"
"Sep 10, 2019","1.79","1.80","1.82","1.77","10.44K","0.00%"
"Sep 09, 2019","1.80","1.82","1.86","1.76","9.69K","-1.32%"
"Sep 08, 2019","1.82","1.76","1.90","1.76","13.47K","3.20%"
"Sep 07, 2019","1.76","1.73","1.83","1.71","20.04K","1.90%"
"Sep 06, 2019","1.73","1.80","1.83","1.69","24.33K","-3.74%"
"Sep 05, 2019","1.80","1.77","1.86","1.77","13.37K","0.00%"
"Sep 04, 2019","1.80","1.86","1.86","1.74","12.30K","-3.22%"
"Sep 03, 2019","1.86","1.81","1.93","1.81","26.27K","2.64%"
"Sep 02, 2019","1.81","1.77","1.88","1.73","13.93K","2.49%"
"Sep 01, 2019","1.77","1.79","1.79","1.72","6.24K","-0.88%"
"Aug 31, 2019","1.79","1.80","1.85","1.74","39.68K","-0.79%"
"Aug 30, 2019","1.80","1.78","1.88","1.75","19.50K","1.18%"
"Aug 29, 2019","1.78","1.89","1.89","1.75","24.45K","-5.88%"
"Aug 28, 2019","1.89","2.11","2.11","1.88","18.66K","-10.59%"
"Aug 27, 2019","2.11","2.07","2.17","2.01","7.63K","2.12%"
"Aug 26, 2019","2.07","2.09","2.16","2.05","12.05K","-0.83%"
"Aug 25, 2019","2.09","2.17","2.18","2.03","19.56K","-4.01%"
"Aug 24, 2019","2.17","2.23","2.25","2.15","9.61K","-2.68%"
"Aug 23, 2019","2.23","2.23","2.34","2.18","73.53K","0.00%"
"Aug 22, 2019","2.23","2.21","2.29","2.14","23.65K","1.15%"
"Aug 21, 2019","2.21","2.36","2.37","2.16","42.14K","-6.47%"
"Aug 20, 2019","2.36","2.50","2.53","2.35","21.89K","-5.68%"
"Aug 19, 2019","2.50","2.48","2.59","2.45","24.83K","0.92%"
"Aug 18, 2019","2.48","2.37","2.56","2.37","23.16K","4.54%"
"Aug 17, 2019","2.37","2.31","2.39","2.30","8.99K","2.58%"
"Aug 16, 2019","2.31","2.42","2.46","2.23","19.12K","-4.55%"
"Aug 15, 2019","2.42","2.26","2.44","2.17","32.52K","7.01%"
"Aug 14, 2019","2.26","2.41","2.59","2.18","62.36K","-6.14%"
"Aug 13, 2019","2.41","2.38","2.46","2.30","11.06K","1.12%"
"Aug 12, 2019","2.38","2.40","2.47","2.34","15.32K","-0.88%"
"Aug 11, 2019","2.40","2.34","2.48","2.29","55.42K","2.61%"
"Aug 10, 2019","2.34","2.16","2.40","2.14","51.23K","7.96%"
"Aug 09, 2019","2.17","2.31","2.31","2.16","16.27K","-5.96%"
"Aug 08, 2019","2.31","2.37","2.40","2.28","34.00K","-2.72%"
"Aug 07, 2019","2.37","2.47","2.49","2.36","40.18K","-3.86%"
"Aug 06, 2019","2.47","2.47","2.52","2.32","128.13K","0.00%"
"Aug 05, 2019","2.46","2.51","2.64","2.45","67.31K","-1.38%"
"Aug 04, 2019","2.50","2.41","2.59","2.38","142.98K","3.47%"
"Aug 03, 2019","2.41","2.43","2.72","2.34","238.72K","-0.40%"
"Aug 02, 2019","2.42","2.15","2.49","2.14","99.65K","12.14%"
"Aug 01, 2019","2.16","2.20","2.24","2.09","31.23K","-1.53%"
"Jul 31, 2019","2.20","2.07","2.24","2.07","29.45K","5.90%"
"Jul 30, 2019","2.07","2.14","2.18","1.98","54.39K","-2.91%"
"Jul 29, 2019","2.14","2.20","2.24","2.11","11.61K","-3.11%"
"Jul 28, 2019","2.20","2.24","2.27","2.11","22.22K","-1.51%"
"Jul 27, 2019","2.24","2.40","2.46","2.21","39.94K","-6.57%"
"Jul 26, 2019","2.40","2.37","2.42","2.33","8.79K","0.91%"
"Jul 25, 2019","2.37","2.40","2.50","2.37","15.93K","-1.30%"
"Jul 24, 2019","2.40","2.35","2.51","2.28","17.69K","2.51%"
"Jul 23, 2019","2.35","2.41","2.50","2.25","24.45K","-2.51%"
"Jul 22, 2019","2.41","2.53","2.58","2.38","27.27K","-4.97%"
"Jul 21, 2019","2.53","2.63","2.64","2.47","41.87K","-3.67%"
"Jul 20, 2019","2.63","2.59","2.73","2.58","21.16K","1.61%"
"Jul 19, 2019","2.59","2.67","2.73","2.51","28.35K","-2.97%"
"Jul 18, 2019","2.67","2.39","2.79","2.38","76.15K","11.76%"
"Jul 17, 2019","2.39","2.19","2.58","2.05","92.18K","8.80%"
"Jul 16, 2019","2.19","2.70","2.77","2.16","63.57K","-18.84%"
"Jul 15, 2019","2.70","2.78","2.83","2.60","44.80K","-2.81%"
"Jul 14, 2019","2.78","3.12","3.23","2.75","67.38K","-12.00%"
"Jul 13, 2019","3.16","3.16","3.30","3.03","73.06K","1.17%"
"Jul 12, 2019","3.12","2.76","3.30","2.60","65.20K","13.01%"
"Jul 11, 2019","2.76","3.10","3.13","2.70","88.25K","-10.94%"
"Jul 10, 2019","3.10","3.03","3.24","2.86","94.68K","1.57%"
"Jul 09, 2019","3.05","3.35","3.37","2.96","150.75K","-8.72%"
"Jul 08, 2019","3.35","3.26","3.55","3.25","57.22K","2.79%"
"Jul 07, 2019","3.26","3.45","3.49","3.26","54.49K","-5.77%"
"Jul 06, 2019","3.45","3.62","3.62","3.44","61.81K","-4.59%"
"Jul 05, 2019","3.62","3.46","3.73","3.43","126.54K","4.56%"
"Jul 04, 2019","3.46","3.50","3.60","3.25","174.69K","-1.07%"
"Jul 03, 2019","3.50","3.74","3.86","3.50","133.40K","-6.46%"
"Jul 02, 2019","3.74","3.64","3.99","3.21","258.99K","2.74%"
"Jul 01, 2019","3.64","3.40","3.86","2.91","212.17K","7.24%"
"Jun 30, 2019","3.40","3.78","4.25","3.23","398.37K","-11.29%"
"Jun 29, 2019","3.83","3.06","4.66","3.00","626.50K","25.23%"
"Jun 28, 2019","3.06","2.30","3.10","2.21","129.71K","33.14%"
"Jun 27, 2019","2.30","2.28","2.54","2.11","195.54K","0.99%"
"Jun 26, 2019","2.27","2.18","2.42","2.03","252.27K","4.22%"
"Jun 25, 2019","2.18","1.87","2.50","1.86","250.43K","16.74%"
"Jun 24, 2019","1.87","1.81","1.87","1.79","33.97K","3.20%"
"Jun 23, 2019","1.81","1.84","1.90","1.77","34.37K","-1.38%"
"Jun 22, 2019","1.84","1.70","1.93","1.69","90.32K","8.29%"
"Jun 21, 2019","1.70","1.77","1.79","1.62","107.57K","-3.96%"
"Jun 20, 2019","1.77","1.84","1.89","1.70","71.71K","-4.07%"
"Jun 19, 2019","1.84","1.82","1.91","1.79","58.48K","1.32%"
"Jun 18, 2019","1.82","1.97","2.03","1.77","133.59K","-7.73%"
"Jun 17, 2019","1.97","1.67","2.08","1.65","233.62K","17.84%"
"Jun 16, 2019","1.67","1.71","1.80","1.60","98.67K","-2.24%"
"Jun 15, 2019","1.71","1.63","1.81","1.60","215.58K","4.76%"
"Jun 14, 2019","1.63","1.85","1.90","1.50","554.79K","-11.93%"
"Jun 13, 2019","1.85","1.15","1.99","1.12","399.34K","61.72%"
"Jun 12, 2019","1.15","1.12","1.16","1.08","39.50K","2.33%"
"Jun 11, 2019","1.12","1.21","1.21","1.10","34.25K","-7.47%"
"Jun 10, 2019","1.21","1.06","1.21","1.04","34.07K","14.30%"
"Jun 09, 2019","1.06","1.14","1.15","1.01","28.95K","-7.22%"
"Jun 08, 2019","1.14","1.18","1.19","1.12","33.08K","-3.13%"
"Jun 07, 2019","1.18","1.11","1.25","1.07","98.03K","6.19%"
"Jun 06, 2019","1.11","1.09","1.26","1.06","161.58K","1.25%"
"Jun 05, 2019","1.10","0.88","1.10","0.88","78.06K","24.58%"
"Jun 04, 2019","0.88","0.92","0.93","0.85","34.17K","-3.99%"
"Jun 03, 2019","0.92","1.02","1.02","0.90","37.09K","-10.61%"
"Jun 02, 2019","1.02","0.95","1.05","0.94","82.84K","7.35%"
"Jun 01, 2019","0.95","1.02","1.05","0.95","29.84K","-6.34%"
"May 31, 2019","1.02","1.01","1.04","0.93","87.24K","0.88%"
"May 30, 2019","1.01","1.17","1.22","0.93","97.80K","-13.65%"
"May 29, 2019","1.17","1.28","1.28","1.15","72.98K","-8.62%"
"May 28, 2019","1.28","1.22","1.34","1.15","110.85K","5.29%"
"May 27, 2019","1.22","1.08","1.25","1.08","132.73K","12.18%"
"May 26, 2019","1.08","1.11","1.18","1.04","92.20K","-2.71%"
"May 25, 2019","1.11","1.31","1.33","1.10","93.99K","-15.17%"
"May 24, 2019","1.31","1.34","1.43","1.20","101.62K","-1.88%"
"May 23, 2019","1.34","1.22","1.39","1.15","86.71K","9.69%"
"May 22, 2019","1.22","1.20","1.47","1.14","133.28K","2.02%"
"May 21, 2019","1.20","1.12","1.23","1.06","57.31K","7.07%"
"May 20, 2019","1.12","1.02","1.17","0.96","28.09K","9.79%"
"May 19, 2019","1.02","0.94","1.11","0.94","62.09K","8.73%"
"May 18, 2019","0.94","0.88","0.96","0.86","18.65K","6.80%"
"May 17, 2019","0.88","0.92","0.98","0.82","47.88K","-5.25%"
"May 16, 2019","0.92","0.85","0.93","0.74","47.94K","8.98%"
"May 15, 2019","0.85","0.78","0.88","0.78","75.11K","6.46%"
"May 14, 2019","0.80","0.67","0.98","0.64","114.29K","19.59%"
"May 13, 2019","0.67","0.65","0.69","0.65","8.74K","2.16%"
"May 12, 2019","0.65","0.69","0.70","0.63","13.86K","-4.96%"
"May 11, 2019","0.69","0.69","0.76","0.65","48.50K","0.00%"
"May 10, 2019","0.69","0.68","0.76","0.65","62.76K","1.16%"
"May 09, 2019","0.68","0.59","0.75","0.59","70.85K","14.46%"
"May 08, 2019","0.59","0.55","0.62","0.53","22.96K","8.29%"
"May 07, 2019","0.55","0.58","0.61","0.55","13.97K","-4.78%"
"May 06, 2019","0.58","0.50","0.59","0.50","17.48K","14.48%"
"May 05, 2019","0.50","0.50","0.50","0.49","1.53K","0.00%"
"May 04, 2019","0.50","0.52","0.52","0.49","6.58K","-4.02%"
"May 03, 2019","0.52","0.46","0.52","0.46","3.18K","12.76%"
"May 02, 2019","0.46","0.48","0.48","0.46","3.95K","-3.00%"
"May 01, 2019","0.48","0.46","0.49","0.46","15.82K","2.74%"
"Apr 30, 2019","0.46","0.42","0.47","0.42","2.68K","10.21%"
"Apr 29, 2019","0.42","0.45","0.45","0.42","1.29K","-6.14%"
"Apr 28, 2019","0.45","0.45","0.46","0.44","4.17K","0.00%"
"Apr 27, 2019","0.45","0.43","0.46","0.43","4.14K","6.34%"
"Apr 26, 2019","0.43","0.45","0.45","0.43","3.04K","-5.40%"
"Apr 25, 2019","0.45","0.47","0.49","0.45","7.46K","-4.21%"
"Apr 24, 2019","0.47","0.49","0.53","0.43","9.04K","-3.15%"
"Apr 23, 2019","0.49","0.49","0.50","0.48","7.52K","-1.36%"
"Apr 22, 2019","0.49","0.49","0.60","0.49","39.64K","0.00%"
"Apr 21, 2019","0.49","0.50","0.51","0.40","1.26K","-2.50%"
"Apr 20, 2019","0.50","0.52","0.53","0.50","0.48K","-2.42%"
"Apr 19, 2019","0.52","0.52","0.52","0.52","1.33K","0.00%"
"Apr 18, 2019","0.52","0.50","0.52","0.50","0.27K","3.43%"
"Apr 17, 2019","0.50","0.51","0.51","0.48","7.40K","-1.67%"
"Apr 16, 2019","0.51","0.50","0.51","0.49","6.03K","2.82%"
"Apr 15, 2019","0.50","0.52","0.53","0.48","21.78K","-5.45%"
"Apr 14, 2019","0.52","0.53","0.54","0.51","10.03K","-1.15%"
"Apr 13, 2019","0.53","0.51","0.54","0.50","11.43K","5.03%"
"Apr 12, 2019","0.51","0.49","0.51","0.46","22.47K","2.93%"
"Apr 11, 2019","0.49","0.52","0.52","0.47","28.31K","-5.45%"
"Apr 10, 2019","0.52","0.53","0.54","0.51","3.53K","-2.61%"
"Apr 09, 2019","0.53","0.55","0.55","0.49","5.58K","-2.56%"
"Apr 08, 2019","0.55","0.58","0.61","0.49","10.46K","-3.87%"
"Apr 07, 2019","0.57","0.58","0.58","0.56","5.04K","-1.51%"
"Apr 06, 2019","0.58","0.56","0.59","0.56","7.40K","2.41%"
"Apr 05, 2019","0.56","0.54","0.58","0.54","6.88K","5.26%"
"Apr 04, 2019","0.54","0.56","0.58","0.52","15.65K","-3.70%"
"Apr 03, 2019","0.56","0.58","0.60","0.56","9.70K","-4.33%"
"Apr 02, 2019","0.58","0.56","0.59","0.51","9.28K","4.49%"
"Apr 01, 2019","0.56","0.51","0.56","0.50","12.67K","9.39%"
"Mar 31, 2019","0.51","0.49","0.54","0.49","13.48K","3.48%"
"Mar 30, 2019","0.49","0.49","0.50","0.48","3.82K","0.00%"
"Mar 29, 2019","0.49","0.49","0.50","0.49","4.84K","0.00%"
"Mar 28, 2019","0.49","0.49","0.51","0.48","5.93K","1.31%"
"Mar 27, 2019","0.49","0.46","0.50","0.45","2.61K","6.42%"
"Mar 26, 2019","0.46","0.47","0.49","0.45","4.50K","-3.09%"
"Mar 25, 2019","0.47","0.45","0.48","0.44","8.41K","3.92%"
"Mar 24, 2019","0.45","0.46","0.47","0.45","1.49K","0.00%"
"Mar 23, 2019","0.46","0.46","0.50","0.46","2.24K","-1.34%"
"Mar 22, 2019","0.46","0.46","0.46","0.44","5.92K","0.00%"
"Mar 21, 2019","0.46","0.48","0.48","0.44","3.42K","-3.80%"
"Mar 20, 2019","0.48","0.49","0.50","0.47","1.60K","0.00%"
"Mar 19, 2019","0.49","0.47","0.49","0.47","0.70K","2.32%"
"Mar 18, 2019","0.47","0.48","0.48","0.46","2.15K","-1.08%"
"Mar 17, 2019","0.48","0.47","0.50","0.47","3.49K","0.00%"
"Mar 16, 2019","0.47","0.48","0.49","0.47","2.57K","-1.51%"
"Mar 15, 2019","0.48","0.49","0.51","0.48","1.01K","-1.09%"
"Mar 14, 2019","0.49","0.48","0.49","0.47","6.92K","0.00%"
"Mar 13, 2019","0.48","0.53","0.53","0.47","3.18K","-8.07%"
"Mar 12, 2019","0.53","0.46","0.53","0.45","14.33K","14.46%"
"Mar 11, 2019","0.46","0.50","0.51","0.46","13.10K","-8.65%"
"Mar 10, 2019","0.50","0.47","0.54","0.47","14.40K","7.37%"
"Mar 09, 2019","0.47","0.47","0.48","0.45","8.83K","0.00%"
"Mar 08, 2019","0.47","0.47","0.50","0.46","15.81K","0.00%"
"Mar 07, 2019","0.47","0.43","0.47","0.42","2.92K","7.49%"
"Mar 06, 2019","0.43","0.42","0.44","0.42","1.73K","3.88%"
"Mar 05, 2019","0.42","0.42","0.43","0.40","4.12K","0.00%"
"Mar 04, 2019","0.42","0.43","0.43","0.40","1.31K","-2.28%"
"Mar 03, 2019","0.43","0.42","0.43","0.42","1.00K","1.77%"
"Mar 02, 2019","0.42","0.43","0.43","0.42","2.77K","-2.17%"
"Mar 01, 2019","0.43","0.43","0.44","0.42","3.25K","0.00%"
"Feb 28, 2019","0.43","0.42","0.44","0.42","2.03K","0.00%"
"Feb 27, 2019","0.42","0.44","0.44","0.42","0.81K","-3.48%"
"Feb 26, 2019","0.44","0.47","0.47","0.43","4.00K","-5.53%"
"Feb 25, 2019","0.47","0.40","0.47","0.40","4.80K","14.84%"
"Feb 24, 2019","0.40","0.46","0.46","0.40","10.66K","-11.88%"
"Feb 23, 2019","0.46","0.45","0.46","0.45","3.14K","3.07%"
"Feb 22, 2019","0.45","0.45","0.45","0.44","3.28K","0.00%"
"Feb 21, 2019","0.45","0.46","0.48","0.44","21.79K","-2.84%"
"Feb 20, 2019","0.46","0.47","0.47","0.45","7.17K","-1.37%"
"Feb 19, 2019","0.47","0.47","0.47","0.47","2.99K","0.00%"
"Feb 18, 2019","0.47","0.45","0.48","0.45","7.59K","4.58%"
"Feb 17, 2019","0.45","0.44","0.47","0.42","5.40K","2.86%"
"Feb 16, 2019","0.44","0.44","0.44","0.43","7.23K","0.00%"
"Feb 15, 2019","0.44","0.43","0.44","0.42","8.37K","2.43%"
"Feb 14, 2019","0.43","0.44","0.45","0.43","5.13K","-2.46%"
"Feb 13, 2019","0.44","0.43","0.44","0.42","11.19K","1.44%"
"Feb 12, 2019","0.43","0.43","0.43","0.42","1.46K","0.00%"
"Feb 11, 2019","0.43","0.45","0.45","0.42","14.24K","-4.75%"
"Feb 10, 2019","0.45","0.47","0.48","0.45","7.78K","-3.56%"
"Feb 09, 2019","0.47","0.45","0.49","0.43","24.68K","4.90%"
"Feb 08, 2019","0.45","0.40","0.45","0.40","11.60K","10.51%"
"Feb 07, 2019","0.40","0.40","0.42","0.39","5.26K","0.00%"
"Feb 06, 2019","0.40","0.42","0.42","0.39","6.39K","-4.27%"
"Feb 05, 2019","0.42","0.39","0.43","0.39","6.40K","6.20%"
"Feb 04, 2019","0.39","0.39","0.40","0.38","6.64K","2.36%"
"Feb 03, 2019","0.39","0.41","0.41","0.39","7.15K","-5.37%"
"Feb 02, 2019","0.41","0.41","0.43","0.40","10.13K","0.00%"
"Feb 01, 2019","0.41","0.40","0.42","0.38","21.78K","2.31%"
"Jan 31, 2019","0.40","0.41","0.42","0.39","13.73K","-3.91%"
"Jan 30, 2019","0.41","0.45","0.47","0.41","17.79K","-8.38%"
"Jan 29, 2019","0.45","0.40","0.46","0.40","65.93K","11.91%"
"Jan 28, 2019","0.40","0.43","0.43","0.36","27.09K","-6.05%"
"Jan 27, 2019","0.43","0.47","0.54","0.43","9.86K","-9.01%"
"Jan 26, 2019","0.47","0.48","0.48","0.47","3.09K","-2.09%"
"Jan 25, 2019","0.48","0.50","0.51","0.47","25.25K","-2.94%"
"Jan 24, 2019","0.50","0.50","0.50","0.48","32.03K","0.00%"
"Jan 23, 2019","0.50","0.53","0.54","0.50","28.31K","-6.20%"
"Jan 22, 2019","0.53","0.50","0.55","0.50","23.12K","6.78%"
"Jan 21, 2019","0.50","0.47","0.52","0.47","16.26K","5.46%"
"Jan 20, 2019","0.47","0.48","0.48","0.46","22.39K","-1.48%"
"Jan 19, 2019","0.48","0.49","0.49","0.47","24.38K","-2.12%"
"Jan 18, 2019","0.49","0.47","0.50","0.46","18.70K","3.80%"
"Jan 17, 2019","0.47","0.49","0.52","0.46","60.88K","-3.33%"
"Jan 16, 2019","0.49","0.51","0.57","0.47","78.65K","-3.35%"
"Jan 15, 2019","0.51","0.47","0.58","0.46","152.08K","8.99%"
"Jan 14, 2019","0.47","0.44","0.49","0.41","41.46K","4.49%"
"Jan 13, 2019","0.44","0.41","0.44","0.37","7.95K","9.88%"
"Jan 12, 2019","0.41","0.43","0.46","0.39","25.40K","-6.53%"
"Jan 11, 2019","0.43","0.35","0.44","0.35","19.21K","23.03%"
"Jan 10, 2019","0.35","0.40","0.40","0.34","26.40K","-11.26%"
"Jan 09, 2019","0.40","0.42","0.43","0.39","7.92K","-4.22%"
"Jan 08, 2019","0.41","0.37","0.41","0.36","9.05K","12.61%"
"Jan 07, 2019","0.37","0.39","0.39","0.37","2.22K","-5.23%"
"Jan 06, 2019","0.39","0.37","0.40","0.35","3.31K","5.72%"
"Jan 05, 2019","0.37","0.42","0.42","0.37","1.00K","-12.36%"
"Jan 04, 2019","0.42","0.36","0.46","0.34","12.52K","16.38%"
"Jan 03, 2019","0.36","0.31","0.37","0.30","14.97K","13.85%"
"Jan 01, 2019","0.32","0.32","0.32","0.32","-","0.00%"
"Dec 31, 2018","0.32","0.32","0.32","0.32","-","9.26%"
"Dec 30, 2018","0.29","0.29","0.29","0.29","-","0.00%"
"Dec 29, 2018","0.29","0.29","0.31","0.29","5.14K","0.00%"
"Dec 28, 2018","0.29","0.27","0.31","0.26","1.77K","5.97%"
"Dec 27, 2018","0.27","0.29","0.29","0.27","0.69K","-7.83%"
"Dec 26, 2018","0.29","0.30","0.32","0.28","3.88K","-3.05%"
"Dec 25, 2018","0.30","0.31","0.31","0.27","4.27K","0.00%"
"Dec 24, 2018","0.31","0.30","0.33","0.30","17.52K","1.70%"
"Dec 23, 2018","0.30","0.28","0.32","0.28","14.40K","6.84%"
"Dec 22, 2018","0.28","0.29","0.31","0.28","12.29K","-4.36%"
"Dec 21, 2018","0.29","0.33","0.33","0.29","16.67K","-9.91%"
"Dec 20, 2018","0.33","0.29","0.34","0.29","58.05K","13.04%"
"Dec 19, 2018","0.29","0.26","0.31","0.25","93.66K","10.88%"
"Dec 18, 2018","0.26","0.22","0.26","0.22","34.17K","15.56%"
"Dec 17, 2018","0.22","0.21","0.23","0.21","87.08K","9.12%"
"Dec 16, 2018","0.21","0.19","0.37","0.19","56.12K","7.06%"
"Dec 15, 2018","0.19","0.19","0.19","0.19","-","-5.63%"
"Dec 14, 2018","0.20","0.20","0.20","0.20","-","0.00%"
"Dec 13, 2018","0.20","0.22","0.22","0.20","8.86K","-5.86%"
"Dec 12, 2018","0.22","0.21","0.22","0.21","12.80K","-22.52%"
"Dec 11, 2018","0.28","0.24","0.31","0.21","12.75K","17.56%"
"Dec 10, 2018","0.24","0.24","0.24","0.24","-","0.00%"
"Dec 09, 2018","0.24","0.24","0.24","0.22","2.56K","0.00%"
"Dec 08, 2018","0.24","0.21","0.24","0.21","1.49K","15.93%"
"Dec 07, 2018","0.21","0.22","0.22","0.20","3.97K","-6.89%"
"Dec 06, 2018","0.22","0.27","0.27","0.22","3.25K","-17.20%"
"Dec 05, 2018","0.27","0.29","0.29","0.27","1.07K","-8.05%"
"Dec 04, 2018","0.29","0.29","0.30","0.28","9.04K","0.00%"
"Dec 03, 2018","0.29","0.32","0.32","0.28","2.74K","-9.43%"
"Dec 02, 2018","0.32","0.33","0.39","0.29","19.80K","-3.18%"
"Dec 01, 2018","0.33","0.32","0.34","0.32","3.13K","2.70%"
"Nov 30, 2018","0.32","0.34","0.38","0.32","31.73K","-4.96%"
"Nov 29, 2018","0.34","0.34","0.36","0.32","5.10K","0.00%"
"Nov 28, 2018","0.34","0.30","0.34","0.29","17.43K","11.64%"
"Nov 27, 2018","0.30","0.29","0.31","0.27","32.67K","4.74%"
"Nov 26, 2018","0.29","0.26","0.29","0.25","3.24K","8.38%"
"Nov 25, 2018","0.26","0.28","0.28","0.24","10.79K","-6.99%"
"Nov 24, 2018","0.28","0.35","0.38","0.28","3.90K","-18.10%"
"Nov 23, 2018","0.35","0.37","0.37","0.35","0.73K","-5.44%"
"Nov 22, 2018","0.37","0.34","0.37","0.34","2.73K","8.18%"
"Nov 21, 2018","0.34","0.38","0.38","0.34","4.13K","-10.98%"
"Nov 20, 2018","0.38","0.39","0.40","0.32","9.56K","-2.88%"
"Nov 19, 2018","0.39","0.46","0.53","0.39","5.55K","-13.74%"
"Nov 18, 2018","0.46","0.49","0.56","0.46","6.36K","-6.16%"
"Nov 17, 2018","0.49","0.51","0.51","0.48","3.98K","-5.67%"
"Nov 16, 2018","0.51","0.55","0.55","0.51","2.09K","-6.52%"
"Nov 15, 2018","0.55","0.54","0.56","0.48","32.13K","2.55%"
"Nov 14, 2018","0.54","0.58","0.63","0.51","38.43K","-8.22%"
"Nov 13, 2018","0.58","0.57","0.63","0.54","36.94K","1.92%"
"Nov 12, 2018","0.57","0.51","0.57","0.50","11.16K","11.76%"
"Nov 11, 2018","0.51","0.51","0.52","0.50","2.78K","0.00%"
"Nov 10, 2018","0.51","0.50","0.53","0.50","15.52K","2.62%"
"Nov 09, 2018","0.50","0.50","0.50","0.49","2.09K","0.00%"
"Nov 08, 2018","0.50","0.49","0.54","0.49","13.39K","2.69%"
"Nov 07, 2018","0.49","0.51","0.51","0.48","2.33K","-3.65%"
"Nov 06, 2018","0.51","0.48","0.51","0.41","11.40K","5.53%"
"Nov 05, 2018","0.48","0.51","0.51","0.48","7.20K","-6.09%"
"Nov 04, 2018","0.51","0.54","0.56","0.48","10.25K","-4.04%"
"Nov 03, 2018","0.54","0.51","0.55","0.44","8.88K","5.50%"
"Nov 02, 2018","0.51","0.52","0.53","0.51","14.63K","-2.50%"
"Nov 01, 2018","0.52","0.51","0.60","0.40","98.38K","1.48%"
"Oct 31, 2018","0.51","0.46","0.52","0.45","17.54K","10.68%"
"Oct 30, 2018","0.46","0.41","0.47","0.41","10.75K","12.07%"
"Oct 29, 2018","0.41","0.44","0.47","0.40","10.97K","-5.77%"
"Oct 28, 2018","0.44","0.45","0.47","0.44","2.82K","-2.27%"
"Oct 27, 2018","0.45","0.42","0.45","0.42","1.67K","7.03%"
"Oct 26, 2018","0.42","0.44","0.46","0.42","1.41K","-4.22%"
"Oct 25, 2018","0.44","0.42","0.44","0.42","0.55K","4.69%"
"Oct 24, 2018","0.42","0.44","0.44","0.42","0.91K","-5.75%"
"Oct 23, 2018","0.44","0.39","0.49","0.39","38.37K","15.09%"
"Oct 22, 2018","0.39","0.38","0.39","0.36","7.27K","0.00%"
"Oct 21, 2018","0.38","0.38","0.38","0.37","2.25K","2.48%"
"Oct 20, 2018","0.38","0.36","0.38","0.36","11.40K","3.64%"
"Oct 19, 2018","0.36","0.39","0.39","0.33","9.65K","-6.28%"
"Oct 18, 2018","0.39","0.38","0.40","0.37","13.48K","0.00%"
"Oct 17, 2018","0.38","0.36","0.40","0.36","19.73K","5.31%"
"Oct 16, 2018","0.36","0.35","0.37","0.34","2.15K","4.36%"
"Oct 15, 2018","0.35","0.32","0.36","0.32","2.01K","8.91%"
"Oct 14, 2018","0.32","0.33","0.33","0.32","1.99K","-1.63%"
"Oct 13, 2018","0.33","0.32","0.33","0.31","4.22K","3.04%"
"Oct 12, 2018","0.32","0.29","0.32","0.29","2.42K","7.13%"
"Oct 11, 2018","0.29","0.36","0.36","0.29","3.28K","-18.66%"
"Oct 10, 2018","0.36","0.35","0.36","0.34","4.45K","4.68%"
"Oct 09, 2018","0.35","0.34","0.35","0.33","0.67K","2.61%"
"Oct 08, 2018","0.34","0.33","0.35","0.33","1.03K","0.00%"
"Oct 07, 2018","0.33","0.34","0.36","0.31","8.18K","0.00%"
"Oct 06, 2018","0.34","0.35","0.38","0.33","22.17K","-3.06%"
"Oct 05, 2018","0.35","0.32","0.37","0.32","8.08K","9.57%"
"Oct 04, 2018","0.32","0.31","0.32","0.31","0.23K","1.79%"
"Oct 03, 2018","0.31","0.32","0.34","0.31","0.48K","-1.91%"
"Oct 02, 2018","0.32","0.33","0.34","0.32","1.26K","-2.62%"
"Oct 01, 2018","0.33","0.32","0.34","0.32","0.70K","2.69%"
"Sep 30, 2018","0.32","0.35","0.35","0.32","0.60K","-7.53%"
"Sep 29, 2018","0.35","0.34","0.35","0.32","2.21K","2.16%"
"Sep 28, 2018","0.34","0.35","0.35","0.32","4.23K","-3.26%"
"Sep 27, 2018","0.35","0.34","0.35","0.33","6.30K","2.22%"
"Sep 26, 2018","0.34","0.35","0.37","0.31","85.62K","-2.01%"
"Sep 25, 2018","0.35","0.35","0.35","0.32","3.93K","0.00%"
"Sep 24, 2018","0.35","0.35","0.35","0.33","2.59K","0.00%"
"Sep 23, 2018","0.35","0.33","0.36","0.32","5.47K","4.92%"
"Sep 22, 2018","0.33","0.36","0.36","0.31","72.68K","-7.54%"
"Sep 21, 2018","0.36","0.41","0.41","0.34","21.42K","-13.37%"
"Sep 20, 2018","0.41","0.33","0.42","0.33","64.04K","25.83%"
"Sep 19, 2018","0.33","0.28","0.34","0.28","19.04K","17.52%"
"Sep 18, 2018","0.28","0.28","0.29","0.28","4.34K","0.00%"
"Sep 17, 2018","0.28","0.32","0.32","0.26","3.37K","-11.79%"
"Sep 16, 2018","0.32","0.32","0.32","0.32","1.65K","22.15%"
"Sep 15, 2018","0.26","0.26","0.26","0.26","-","0.00%"
"Sep 14, 2018","0.26","0.26","0.29","0.26","0.79K","0.00%"
"Sep 13, 2018","0.26","0.20","0.29","0.20","0.72K","30.21%"
"Sep 12, 2018","0.20","0.26","0.26","0.20","2.75K","-23.64%"
"Sep 11, 2018","0.26","0.25","0.26","0.25","5.79K","6.28%"
"Sep 10, 2018","0.25","0.25","0.25","0.24","1.64K","0.00%"
"Sep 09, 2018","0.25","0.24","0.25","0.24","7.07K","5.06%"
"Sep 08, 2018","0.24","0.26","0.26","0.23","7.23K","-6.70%"
"Sep 07, 2018","0.26","0.26","0.29","0.22","10.37K","-2.49%"
"Sep 06, 2018","0.26","0.29","0.30","0.26","7.30K","-8.02%"
"Sep 05, 2018","0.29","0.30","0.30","0.26","11.65K","-4.25%"
"Sep 04, 2018","0.30","0.31","0.31","0.28","13.30K","0.00%"
"Sep 03, 2018","0.31","0.30","0.32","0.30","17.99K","0.00%"
"Sep 02, 2018","0.30","0.33","0.35","0.30","7.68K","-7.34%"
"Sep 01, 2018","0.33","0.32","0.33","0.32","7.89K","1.69%"
"Aug 31, 2018","0.32","0.30","0.32","0.30","3.94K","6.14%"
"Aug 30, 2018","0.30","0.31","0.31","0.28","6.07K","-2.27%"
"Aug 29, 2018","0.31","0.34","0.34","0.30","3.84K","-8.70%"
"Aug 28, 2018","0.34","0.33","0.34","0.30","43.54K","2.96%"
"Aug 27, 2018","0.33","0.33","0.34","0.31","11.47K","0.00%"
"Aug 26, 2018","0.33","0.32","0.33","0.31","37.91K","4.48%"
"Aug 25, 2018","0.32","0.32","0.33","0.31","13.13K","0.00%"
"Aug 24, 2018","0.32","0.31","0.33","0.30","20.05K","0.00%"
"Aug 23, 2018","0.31","0.31","0.33","0.30","27.37K","1.76%"
"Aug 22, 2018","0.31","0.31","0.35","0.30","18.57K","0.00%"
"Aug 21, 2018","0.31","0.29","0.34","0.28","18.36K","4.16%"
"Aug 20, 2018","0.29","0.30","0.30","0.28","8.74K","0.00%"
"Aug 19, 2018","0.30","0.27","0.30","0.27","17.40K","10.06%"
"Aug 18, 2018","0.27","0.29","0.30","0.27","29.52K","-6.01%"
"Aug 17, 2018","0.29","0.27","0.29","0.26","19.61K","5.34%"
"Aug 16, 2018","0.27","0.26","0.28","0.26","3.67K","5.08%"
"Aug 15, 2018","0.26","0.27","0.28","0.25","29.14K","-3.70%"
"Aug 14, 2018","0.27","0.27","0.27","0.22","30.01K","0.00%"
"Aug 13, 2018","0.27","0.28","0.29","0.26","16.28K","-4.21%"
"Aug 12, 2018","0.28","0.27","0.29","0.26","9.66K","2.05%"
"Aug 11, 2018","0.27","0.27","0.29","0.23","40.63K","0.00%"
"Aug 10, 2018","0.27","0.28","0.31","0.27","24.21K","0.00%"
"Aug 09, 2018","0.28","0.23","0.30","0.23","48.74K","20.72%"
"Aug 08, 2018","0.23","0.24","0.24","0.20","4.87K","-2.76%"
"Aug 07, 2018","0.24","0.24","0.25","0.23","8.06K","-2.41%"
"Aug 06, 2018","0.24","0.25","0.29","0.24","7.18K","-4.93%"
"Aug 05, 2018","0.25","0.25","0.29","0.24","11.09K","2.38%"
"Aug 04, 2018","0.25","0.28","0.30","0.25","28.22K","-12.54%"
"Aug 03, 2018","0.28","0.31","0.31","0.27","32.11K","-8.38%"
"Aug 02, 2018","0.31","0.28","0.40","0.28","34.45K","10.63%"
"Aug 01, 2018","0.28","0.29","0.31","0.27","13.96K","-2.03%"
"Jul 31, 2018","0.29","0.33","0.33","0.28","14.58K","-13.02%"
"Jul 30, 2018","0.33","0.33","0.44","0.28","50.36K","-1.53%"
"Jul 29, 2018","0.33","0.28","0.35","0.27","95.53K","19.18%"
"Jul 28, 2018","0.28","0.27","0.29","0.25","19.40K","4.88%"
"Jul 27, 2018","0.27","0.26","0.28","0.25","45.17K","3.70%"
"Jul 26, 2018","0.26","0.25","0.28","0.24","57.84K","4.09%"
"Jul 25, 2018","0.25","0.20","0.27","0.20","72.32K","21.16%"
"Jul 24, 2018","0.20","0.21","0.21","0.19","5.60K","-2.63%"
"Jul 23, 2018","0.21","0.21","0.21","0.20","15.16K","0.00%"
"Jul 22, 2018","0.21","0.21","0.21","0.20","17.93K","-2.56%"
"Jul 21, 2018","0.21","0.21","0.21","0.19","7.19K","0.00%"
"Jul 20, 2018","0.21","0.23","0.23","0.21","2.63K","-9.17%"
"Jul 19, 2018","0.23","0.24","0.24","0.23","5.67K","-2.54%"
"Jul 18, 2018","0.24","0.25","0.25","0.23","4.43K","-4.90%"
"Jul 17, 2018","0.25","0.22","0.30","0.21","19.37K","15.53%"
"Jul 16, 2018","0.22","0.20","0.24","0.19","21.16K","9.88%"
"Jul 15, 2018","0.20","0.19","0.20","0.19","21.94K","0.00%"
"Jul 14, 2018","0.19","0.20","0.20","0.19","35.89K","0.00%"
"Jul 13, 2018","0.20","0.20","0.25","0.19","12.46K","0.00%"
"Jul 12, 2018","0.20","0.21","0.21","0.18","3.56K","-3.06%"
"Jul 11, 2018","0.21","0.21","0.21","0.20","3.70K","0.00%"
"Jul 10, 2018","0.21","0.23","0.26","0.20","3.84K","-9.29%"
"Jul 09, 2018","0.23","0.25","0.26","0.23","24.50K","-5.22%"
"Jul 08, 2018","0.25","0.25","0.25","0.24","8.33K","0.00%"
"Jul 07, 2018","0.25","0.23","0.27","0.23","29.89K","9.55%"
"Jul 06, 2018","0.23","0.22","0.23","0.21","9.27K","6.09%"
"Jul 05, 2018","0.22","0.24","0.24","0.22","13.14K","-9.47%"
"Jul 04, 2018","0.24","0.24","0.24","0.23","33.27K","0.00%"
"Jul 03, 2018","0.24","0.25","0.26","0.24","31.45K","-7.50%"
"Jul 02, 2018","0.25","0.24","0.26","0.22","13.08K","5.73%"
"Jul 01, 2018","0.24","0.22","0.26","0.21","6.84K","8.80%"
"Jun 30, 2018","0.22","0.16","0.22","0.16","42.78K","34.49%"
"Jun 29, 2018","0.16","0.17","0.17","0.16","31.08K","-5.29%"
"Jun 28, 2018","0.17","0.17","0.18","0.17","30.31K","0.00%"
"Jun 27, 2018","0.17","0.17","0.18","0.17","5.36K","0.00%"
"Jun 26, 2018","0.17","0.18","0.18","0.16","19.99K","0.00%"
"Jun 25, 2018","0.18","0.18","0.18","0.18","8.75K","0.00%"
"Jun 24, 2018","0.18","0.19","0.19","0.17","13.26K","-8.62%"
"Jun 23, 2018","0.19","0.18","0.19","0.18","17.47K","6.21%"
"Jun 22, 2018","0.18","0.22","0.22","0.18","31.95K","-16.67%"
"Jun 21, 2018","0.22","0.23","0.23","0.21","17.85K","-2.26%"
"Jun 20, 2018","0.23","0.22","0.26","0.21","45.95K","2.41%"
"Jun 19, 2018","0.22","0.21","0.22","0.21","23.87K","2.85%"
"Jun 18, 2018","0.21","0.21","0.21","0.20","59.70K","0.00%"
"Jun 17, 2018","0.21","0.22","0.22","0.21","8.37K","-4.86%"
"Jun 16, 2018","0.22","0.23","0.23","0.21","9.47K","-3.73%"
"Jun 15, 2018","0.23","0.24","0.24","0.23","12.20K","-4.43%"
"Jun 14, 2018","0.24","0.21","0.24","0.21","18.71K","12.28%"
"Jun 13, 2018","0.21","0.23","0.23","0.20","32.53K","-5.12%"
"Jun 12, 2018","0.23","0.26","0.28","0.22","43.82K","-12.18%"
"Jun 11, 2018","0.26","0.24","0.26","0.23","28.92K","8.27%"
"Jun 10, 2018","0.24","0.30","0.30","0.24","65.89K","-20.23%"
"Jun 09, 2018","0.30","0.30","0.31","0.30","20.99K","0.00%"
"Jun 08, 2018","0.30","0.31","0.32","0.30","42.11K","-3.78%"
"Jun 07, 2018","0.31","0.33","0.33","0.31","43.29K","-5.23%"
"Jun 06, 2018","0.33","0.35","0.36","0.32","35.63K","-5.43%"
"Jun 05, 2018","0.35","0.33","0.37","0.31","12.00K","5.65%"
"Jun 04, 2018","0.33","0.36","0.37","0.33","22.25K","-9.66%"
"Jun 03, 2018","0.36","0.36","0.38","0.36","23.96K","0.00%"
"Jun 02, 2018","0.36","0.35","0.38","0.34","11.81K","1.98%"
"Jun 01, 2018","0.35","0.34","0.37","0.34","13.59K","3.07%"
"May 31, 2018","0.34","0.34","0.39","0.32","12.30K","0.00%"
"May 30, 2018","0.34","0.35","0.36","0.33","10.89K","-1.99%"
"May 29, 2018","0.35","0.32","0.37","0.30","15.88K","9.09%"
"May 28, 2018","0.32","0.34","0.34","0.32","8.73K","-7.02%"
"May 27, 2018","0.34","0.37","0.37","0.34","4.22K","-8.36%"
"May 26, 2018","0.37","0.34","0.39","0.34","13.08K","8.36%"
"May 25, 2018","0.34","0.36","0.37","0.33","12.95K","-4.99%"
"May 24, 2018","0.36","0.32","0.41","0.32","7.55K","11.95%"
"May 23, 2018","0.32","0.37","0.38","0.32","23.81K","-13.33%"
"May 22, 2018","0.37","0.43","0.43","0.37","42.43K","-12.22%"
"May 21, 2018","0.43","0.46","0.47","0.42","31.96K","-6.99%"
"May 20, 2018","0.46","0.46","0.47","0.45","20.80K","0.00%"
"May 19, 2018","0.46","0.46","0.53","0.44","18.44K","0.00%"
"May 18, 2018","0.46","0.44","0.46","0.43","21.02K","3.26%"
"May 17, 2018","0.44","0.48","0.48","0.44","12.84K","-7.62%"
"May 16, 2018","0.48","0.47","0.51","0.47","26.08K","0.00%"
"May 15, 2018","0.47","0.52","0.55","0.47","20.79K","-8.83%"
"May 14, 2018","0.52","0.50","0.52","0.45","23.67K","3.50%"
"May 13, 2018","0.50","0.47","0.50","0.45","13.75K","7.28%"
"May 12, 2018","0.47","0.48","0.50","0.44","21.72K","-1.97%"
"May 11, 2018","0.48","0.54","0.55","0.40","55.79K","-12.00%"
"May 10, 2018","0.54","0.55","0.58","0.54","45.42K","-1.63%"
"May 09, 2018","0.55","0.54","0.56","0.52","5.26K","2.45%"
"May 08, 2018","0.54","0.57","0.61","0.50","34.07K","-4.81%"
"May 07, 2018","0.57","0.53","0.60","0.50","39.71K","6.92%"
"May 06, 2018","0.53","0.56","0.58","0.50","32.84K","-6.04%"
"May 05, 2018","0.56","0.57","0.62","0.56","24.35K","-1.71%"
"May 04, 2018","0.57","0.56","0.59","0.54","53.39K","1.67%"
"May 03, 2018","0.56","0.57","0.58","0.54","76.14K","-0.98%"
"May 02, 2018","0.57","0.56","0.58","0.54","89.87K","1.50%"
"May 01, 2018","0.56","0.54","0.57","0.49","49.30K","5.79%"
"Apr 30, 2018","0.53","0.52","0.60","0.49","80.16K","0.00%"
"Apr 29, 2018","0.53","0.48","0.53","0.47","69.52K","9.42%"
"Apr 28, 2018","0.48","0.48","0.49","0.45","41.26K","0.00%"
"Apr 27, 2018","0.48","0.47","0.49","0.45","22.20K","2.50%"
"Apr 26, 2018","0.47","0.46","0.52","0.41","106.87K","2.75%"
"Apr 25, 2018","0.46","0.54","0.54","0.43","35.51K","-15.58%"
"Apr 24, 2018","0.54","0.49","0.54","0.49","30.18K","11.69%"
"Apr 23, 2018","0.49","0.49","0.51","0.48","20.02K","-1.58%"
"Apr 22, 2018","0.49","0.49","0.51","0.46","23.38K","1.48%"
"Apr 21, 2018","0.49","0.49","0.50","0.44","31.63K","0.00%"
"Apr 20, 2018","0.49","0.50","0.52","0.37","43.99K","-2.00%"
"Apr 19, 2018","0.50","0.44","0.50","0.44","17.09K","13.10%"
"Apr 18, 2018","0.44","0.42","0.44","0.42","13.54K","5.29%"
"Apr 17, 2018","0.42","0.40","0.44","0.40","25.60K","5.74%"
"Apr 16, 2018","0.40","0.42","0.42","0.40","10.86K","-5.50%"
"Apr 15, 2018","0.42","0.40","0.42","0.39","15.29K","4.92%"
"Apr 14, 2018","0.40","0.38","0.42","0.37","10.34K","4.46%"
"Apr 13, 2018","0.38","0.40","0.42","0.36","35.52K","-5.24%"
"Apr 12, 2018","0.40","0.36","0.40","0.32","33.97K","11.86%"
"Apr 11, 2018","0.36","0.36","0.38","0.35","25.14K","0.00%"
"Apr 10, 2018","0.36","0.31","0.36","0.30","18.96K","17.24%"
"Apr 09, 2018","0.31","0.32","0.35","0.30","13.67K","-5.09%"
"Apr 08, 2018","0.32","0.29","0.34","0.29","14.06K","11.41%"
"Apr 07, 2018","0.29","0.27","0.30","0.27","10.83K","6.48%"
"Apr 06, 2018","0.27","0.29","0.29","0.27","25.47K","-5.79%"
"Apr 05, 2018","0.29","0.28","0.30","0.28","19.82K","3.19%"
"Apr 04, 2018","0.28","0.29","0.29","0.28","13.96K","-3.76%"
"Apr 03, 2018","0.29","0.28","0.29","0.28","10.96K","5.14%"
"Apr 02, 2018","0.28","0.28","0.30","0.25","10.93K","0.00%"
"Apr 01, 2018","0.28","0.29","0.30","0.26","4.86K","-5.71%"
"Mar 31, 2018","0.29","0.28","0.31","0.27","11.76K","5.98%"
"Mar 30, 2018","0.28","0.29","0.31","0.28","16.64K","-3.34%"
"Mar 29, 2018","0.29","0.35","0.36","0.29","16.34K","-18.99%"
"Mar 28, 2018","0.35","0.35","0.38","0.33","10.59K","2.04%"
"Mar 27, 2018","0.35","0.37","0.37","0.35","6.47K","-5.52%"
"Mar 26, 2018","0.37","0.41","0.41","0.35","34.27K","-10.45%"
"Mar 25, 2018","0.41","0.42","0.42","0.38","12.51K","-2.54%"
"Mar 24, 2018","0.42","0.40","0.43","0.39","5.39K","5.30%"
"Mar 23, 2018","0.40","0.43","0.44","0.38","11.23K","-6.37%"
"Mar 22, 2018","0.43","0.44","0.50","0.38","27.18K","-3.61%"
"Mar 21, 2018","0.44","0.39","0.44","0.35","4.88K","13.93%"
"Mar 20, 2018","0.39","0.37","0.39","0.36","4.39K","3.93%"
"Mar 19, 2018","0.37","0.39","0.39","0.34","5.51K","-4.27%"
"Mar 18, 2018","0.39","0.41","0.41","0.28","15.45K","-5.14%"
"Mar 17, 2018","0.41","0.42","0.42","0.38","2.52K","0.00%"
"Mar 16, 2018","0.42","0.42","0.44","0.40","9.22K","0.00%"
"Mar 15, 2018","0.42","0.45","0.45","0.40","4.29K","-7.77%"
"Mar 14, 2018","0.45","0.56","0.57","0.43","10.03K","-19.44%"
"Mar 13, 2018","0.56","0.49","0.56","0.49","6.60K","13.72%"
"Mar 12, 2018","0.49","0.51","0.55","0.49","26.22K","-3.87%"
"Mar 11, 2018","0.51","0.47","0.51","0.45","8.40K","9.43%"
"Mar 10, 2018","0.47","0.45","0.52","0.45","6.63K","4.58%"
"Mar 09, 2018","0.45","0.53","0.53","0.44","3.68K","-15.23%"
"Mar 08, 2018","0.53","0.52","0.53","0.47","5.24K","0.00%"
"Mar 07, 2018","0.52","0.57","0.60","0.44","26.49K","-8.17%"
"Mar 06, 2018","0.57","0.57","0.60","0.54","11.53K","0.00%"
"Mar 05, 2018","0.57","0.59","0.63","0.57","9.50K","-2.69%"
"Mar 04, 2018","0.59","0.65","0.66","0.59","9.67K","-9.19%"
"Mar 03, 2018","0.65","0.65","0.67","0.62","10.80K","0.87%"
"Mar 02, 2018","0.65","0.68","0.71","0.62","3.58K","-5.41%"
"Mar 01, 2018","0.68","0.66","0.68","0.65","9.27K","3.10%"
"Feb 28, 2018","0.66","0.72","0.77","0.66","7.38K","-8.49%"
"Feb 27, 2018","0.72","0.69","0.78","0.66","6.13K","4.21%"
"Feb 26, 2018","0.69","0.68","0.71","0.61","16.69K","2.04%"
"Feb 25, 2018","0.68","0.65","0.69","0.60","18.02K","4.68%"
"Feb 24, 2018","0.65","0.67","0.72","0.59","14.51K","-3.32%"
"Feb 23, 2018","0.67","0.62","0.68","0.58","2.08K","8.34%"
"Feb 22, 2018","0.62","0.62","0.70","0.56","3.89K","0.00%"
"Feb 21, 2018","0.62","0.75","0.75","0.62","6.59K","-17.70%"
"Feb 20, 2018","0.75","0.78","0.82","0.73","21.03K","-3.83%"
"Feb 19, 2018","0.78","0.70","0.87","0.69","61.63K","10.76%"
"Feb 18, 2018","0.70","0.68","0.80","0.58","18.89K","3.69%"
"Feb 17, 2018","0.68","0.67","0.69","0.59","15.93K","1.22%"
"Feb 16, 2018","0.67","0.56","0.68","0.56","10.58K","18.92%"
"Feb 15, 2018","0.56","0.57","0.58","0.53","15.25K","0.00%"
"Feb 14, 2018","0.57","0.57","0.58","0.52","14.68K","0.00%"
"Feb 13, 2018","0.57","0.49","0.62","0.45","27.11K","15.31%"
"Feb 12, 2018","0.49","0.42","0.53","0.42","16.75K","17.96%"
"Feb 11, 2018","0.42","0.41","0.43","0.38","9.05K","1.92%"
"Feb 10, 2018","0.41","0.44","0.47","0.40","36.73K","-6.97%"
"Feb 09, 2018","0.44","0.42","0.46","0.39","22.35K","5.49%"
"Feb 08, 2018","0.42","0.38","0.43","0.38","2.66K","10.90%"
"Feb 07, 2018","0.38","0.42","0.46","0.36","16.00K","-10.36%"
"Feb 06, 2018","0.42","0.40","0.45","0.28","42.93K","6.22%"
"Feb 05, 2018","0.40","0.44","0.46","0.32","17.42K","-8.82%"
"Feb 04, 2018","0.44","0.51","0.52","0.42","19.42K","-14.26%"
"Feb 03, 2018","0.51","0.49","0.54","0.47","12.69K","3.48%"
"Feb 02, 2018","0.49","0.51","0.52","0.37","21.74K","-4.10%"
"Feb 01, 2018","0.51","0.60","0.63","0.50","14.90K","-14.01%"
"Jan 31, 2018","0.60","0.65","0.65","0.56","21.91K","-7.95%"
"Jan 30, 2018","0.65","0.71","0.72","0.57","23.18K","-8.31%"
"Jan 29, 2018","0.71","0.80","0.80","0.70","26.23K","-11.64%"
"Jan 28, 2018","0.80","0.81","0.87","0.73","40.90K","-1.65%"
"Jan 27, 2018","0.81","0.71","0.85","0.69","34.93K","13.93%"
"Jan 26, 2018","0.71","0.77","0.82","0.66","44.26K","-7.41%"
"Jan 25, 2018","0.77","0.79","0.85","0.74","23.97K","-2.76%"
"Jan 24, 2018","0.79","0.81","0.98","0.74","8.39K","-1.86%"
"Jan 23, 2018","0.81","0.78","0.86","0.71","20.30K","3.77%"
"Jan 22, 2018","0.78","0.89","1.04","0.71","29.80K","-13.18%"
"Jan 21, 2018","0.89","1.20","1.25","0.79","67.25K","-25.45%"
"Jan 20, 2018","1.20","0.81","1.20","0.79","72.93K","47.38%"
"Jan 19, 2018","0.81","0.70","0.89","0.65","59.42K","15.77%"
"Jan 18, 2018","0.70","0.70","0.80","0.63","35.96K","0.00%"
"Jan 17, 2018","0.70","0.73","0.77","0.40","54.63K","-4.07%"
"Jan 16, 2018","0.73","0.93","0.93","0.55","55.72K","-21.27%"